-- Insertion des catégories
INSERT INTO category(categoryName, categoryDescription) VALUES
('Nutrition', 'Nutrition & Dieting'),
('Cardio', 'Cardiovascular Exercises'),
('Gym', 'Gym Workouts'),
('Strength', 'Strength Training'),
('Yoga', 'Yoga & Mindfulness'),
('Diet', 'Diet Plans & Challenges'),
('HIIT', 'High-Intensity Interval Training');

-- Insertion des coachs
INSERT INTO coach(user, bio, ratingAvg) VALUES
(1, 'Experienced Nutritionist specializing in weight loss and healthy eating.', 4.8),
(2, 'Certified Fitness Trainer with a focus on strength training and muscle building.', 4.7),
(3, 'Yoga instructor passionate about mindfulness and flexibility.', 4.9),
(4, 'Nutritionist specializing in sports nutrition and performance optimization.', 4.6),
(5, 'Fitness Trainer with a focus on cardio and endurance training.', 4.8),
(6, 'Yoga instructor specializing in restorative yoga and stress management.', 4.5),
(7, 'Nutritionist specializing in personalized diet plans for weight management.', 4.7),
(8, 'Fitness Trainer with a focus on HIIT and bodyweight training.', 4.9),
(9, 'Yoga instructor specializing in Vinyasa flow and flexibility.', 4.6);

-- Insertion des contenus
INSERT INTO content (coach, title, description, type, createdAt, price, isPaid, goalSpecifics, categoryId, videoUrl) VALUES
(1, 'Low Fat Breakfast Dishes', 'Delicious and healthy low-fat breakfast recipes.', 'Session', '2024-01-01 00:00:00', 20.00, 1, 'Weight loss, Heart health', 1, 'https://res.cloudinary.com/ds9ufzny1/video/upload/v1697106279/fitness_session_videos/_import_609ba877c1e3b4.38349497_j8gpgu.mp4'),
(1, 'Quick Keto Meal Plan', 'A simple and effective keto meal plan for weight loss.', 'Session', '2024-01-02 00:00:00', 40.00, 1, 'Fat reduction', 1, 'https://res.cloudinary.com/ds9ufzny1/video/upload/v1697106282/fitness_session_videos/housewife-in-the-kitchen-showing-salad-1-2022-08-03-03-21-32-utc_ilqemk.mp4'),
(1, 'Beans & Greens Meal Plan', 'A nutritious meal plan focused on beans and greens for healthy eating.', 'Session', '2024-01-03 00:00:00', 45.00, 1, 'Weight loss, Gut health', 1, 'https://res.cloudinary.com/ds9ufzny1/video/upload/v1697106309/fitness_session_videos/mixed-race-woman-sitting-on-floor-in-sportswear-an-2022-08-03-19-51-08-utc_osaowx.mp4'),
(1, 'Low Fat Diet Plan', 'A comprehensive guide to low-fat dieting for weight management.', 'Session', '2024-01-04 00:00:00', 35.00, 1, 'Fat reduction', 1, 'https://res.cloudinary.com/ds9ufzny1/video/upload/v1697106302/fitness_session_videos/woman-is-resting-and-eating-a-healthy-food-after-a-2022-08-03-15-08-41-utc_rxtsfc.mp4'),
(1, 'High Fiber Nutritious Dishes', 'Delicious and high-fiber recipes for a balanced diet.', 'Session', '2024-01-05 00:00:00', 75.00, 1, 'Gut health, Weight loss', 1, 'https://res.cloudinary.com/ds9ufzny1/video/upload/v1697106309/fitness_session_videos/mixed-race-woman-sitting-on-floor-in-sportswear-an-2022-08-03-19-51-08-utc_osaowx.mp4'),
(1, 'Protein Rich Cooking', 'Learn how to cook protein-rich meals for muscle building.', 'Session', '2024-01-06 00:00:00', 78.00, 1, 'Muscle building', 1, 'https://res.cloudinary.com/ds9ufzny1/video/upload/v1697106296/fitness_session_videos/_import_609ba718782226.63671986_yyummt.mp4'),
(1, 'Low Fat Cooking Made Easy', 'Simple and effective tips for low-fat cooking.', 'Session', '2024-01-07 00:00:00', 70.00, 1, 'Weight loss, Heart health', 1, 'https://res.cloudinary.com/ds9ufzny1/video/upload/v1697106282/fitness_session_videos/housewife-in-the-kitchen-showing-salad-1-2022-08-03-03-21-32-utc_ilqemk.mp4'),
(1, 'Low Calorie High Taste Meal Planning', 'Create delicious and low-calorie meals for weight management.', 'Session', '2024-01-08 00:00:00', 60.00, 1, 'Weight loss', 1, 'https://res.cloudinary.com/ds9ufzny1/video/upload/v1697106297/fitness_session_videos/tuppers-of-chicken-and-rice-ready-to-eat-in-a-kitc-2023-04-05-14-34-17-utc_nktd5s.mp4'),
(2, 'Bodybuilding Endurance Walkthrough', 'Learn the fundamentals of bodybuilding endurance training.', 'Session', '2024-01-09 00:00:00', 45.00, 1, 'Muscle building, Stamina', 2, 'https://res.cloudinary.com/ds9ufzny1/video/upload/v1697106311/fitness_session_videos/patient-doing-exercise-during-physiotherapy-sessio-2022-08-05-02-53-24-utc_xnvclq.mp4'),
(2, 'Lifting for Total Beginners', 'A beginner-friendly guide to weightlifting and gym basics.', 'Session', '2024-01-10 00:00:00', 50.00, 1, 'Strength training', 2, 'https://res.cloudinary.com/ds9ufzny1/video/upload/v1697106319/fitness_session_videos/athletic-young-woman-on-a-training-session-with-a-2022-01-29-05-26-10-utc_eu5rdo.mp4'),
(2, 'Light Weight Lifting Tutorial', 'Learn proper form and technique for lifting light weights.', 'Session', '2024-01-11 00:00:00', 40.00, 1, 'Strength training', 2, 'https://res.cloudinary.com/ds9ufzny1/video/upload/v1697106306/fitness_session_videos/a-sportsman-warms-up-before-the-main-training-sess-2023-03-22-20-01-08-utc_ihk8kn.mp4'),
(2, 'Light Weight High Rep Training Guide', 'A guide to high-rep training using lightweight for muscle growth.', 'Session', '2024-01-12 00:00:00', 40.00, 1, 'Muscle growth', 2, 'https://res.cloudinary.com/ds9ufzny1/video/upload/v1697106305/fitness_session_videos/trainer-leads-training-session-by-seashore-in-grou-2023-10-03-18-53-13-utc_idsbm2.mp4'),
(2, 'Injury Rehabilitation in Gym', 'Learn how to safely rehabilitate injuries in a gym setting.', 'Session', '2024-01-13 00:00:00', 80.00, 1, 'Injury recovery', 2, 'https://res.cloudinary.com/ds9ufzny1/video/upload/v1697106303/fitness_session_videos/senior-man-trains-at-the-gym-2022-08-04-14-11-34-utc_nehedg.mp4'),
(2, 'A Guide to Flexibility in Gym', 'Improve your flexibility and range of motion with gym exercises.', 'Session', '2024-01-14 00:00:00', 80.00, 1, 'Flexibility', 2, 'https://res.cloudinary.com/ds9ufzny1/video/upload/v1697106302/fitness_session_videos/woman-is-resting-and-eating-a-healthy-food-after-a-2022-08-03-15-08-41-utc_rxtsfc.mp4'),
(2, 'Beginner’s Guide to Strength Workouts', 'A step-by-step guide to effective strength workouts for beginners.', 'Session', '2024-01-15 00:00:00', 55.00, 1, 'Strength training', 2, 'https://res.cloudinary.com/ds9ufzny1/video/upload/v1697106300/fitness_session_videos/patient-doing-exercise-during-physiotherapy-sessio-2022-08-05-02-53-24-utc_1_r3gxts.mp4'),
(2, 'An Overview of Powerlifting Strength Training', 'Learn the principles and techniques of powerlifting.', 'Session', '2024-01-16 00:00:00', 65.00, 1, 'Strength training', 2, 'https://res.cloudinary.com/ds9ufzny1/video/upload/v1697106299/fitness_session_videos/man-and-woman-making-workout-session-outside-2022-08-04-22-06-27-utc_ys5c6i.mp4'),
(3, 'Basic HIIT Workouts for Beginners', 'Simple and effective HIIT workouts for beginners.', 'Session', '2024-01-17 00:00:00', 45.00, 1, 'Fat burning', 4, 'https://res.cloudinary.com/ds9ufzny1/video/upload/v1697106294/fitness_session_videos/young-man-workout-before-fitness-training-session-2022-09-07-18-00-46-utc_rhbeea.mp4'),
(3, 'Yoga for Joint Health & Flexibility', 'Yoga poses designed for joint health and flexibility.', 'Session', '2024-01-18 00:00:00', 50.00, 1, 'Flexibility, Joint health', 4, 'https://res.cloudinary.com/ds9ufzny1/video/upload/v1697106293/fitness_session_videos/group-fitness-and-stretching-session-with-a-coach-2022-06-03-00-48-44-utc_nciiba.mp4'),
(3, 'Beginner HIIT Tips to Remember', 'Essential tips for beginners getting started with HIIT.', 'Session', '2024-01-19 00:00:00', 40.00, 1, 'Fat burning', 4, 'https://res.cloudinary.com/ds9ufzny1/video/upload/v1697106291/fitness_session_videos/fitness-guidance-male-personal-trainer-assisting-w-2023-07-18-04-23-35-utc_jp634l.mp4'),
(3, 'HIIT 101 for Starters', 'A comprehensive introduction to HIIT for beginners.', 'Session', '2024-01-20 00:00:00', 40.00, 1, 'Fat burning', 4, 'https://res.cloudinary.com/ds9ufzny1/video/upload/v1697106290/fitness_session_videos/men-during-physiotherapy-session-in-clinic-2022-12-30-17-38-19-utc_tpaja7.mp4'),
(3, 'Starting HIIT as a Beginner', 'A step-by-step guide to starting HIIT as a beginner.', 'Session', '2024-01-21 00:00:00', 80.00, 1, 'Fat burning', 4, 'https://res.cloudinary.com/ds9ufzny1/video/upload/v1697106288/fitness_session_videos/man-and-woman-during-physiotherapy-session-2022-12-30-17-38-07-utc_b6bseq.mp4'),
(3, 'What Makes HIIT Great for Newbies?', 'The benefits of HIIT training for beginners.', 'Session', '2024-01-22 00:00:00', 80.00, 1, 'Fat burning', 4, 'https://res.cloudinary.com/ds9ufzny1/video/upload/v1697106287/fitness_session_videos/gym-rope-challenge-muscular-man-s-fitness-session-2023-09-05-16-57-54-utc_o86csc.mp4'),
(3, 'A Guide to Simple HIIT Circuits', 'Learn how to create your own HIIT circuits.', 'Session', '2024-01-23 00:00:00', 55.00, 1, 'Fat burning', 4, 'https://res.cloudinary.com/ds9ufzny1/video/upload/v1697106286/fitness_session_videos/athletic-woman-exercising-at-gym-young-female-dur-2023-02-17-17-35-05-utc_jxxvfs.mp4'),
(3, 'Creating a Basic Tabata Workout Routine', 'Learn how to create a basic Tabata workout routine.', 'Session', '2024-01-24 00:00:00', 65.00, 1, 'Fat burning', 4, 'https://res.cloudinary.com/ds9ufzny1/video/upload/v1697106284/fitness_session_videos/man-and-woman-individuals-uniting-for-joint-workou-2023-07-18-04-22-56-utc_v0o5vy.mp4'),
(4, 'Nutrition 101: Building a Healthy Plate', 'Learn the basics of nutrition and how to create a healthy plate.', 'Session', '2024-01-25 00:00:00', 30.00, 1, 'Nutrition basics', 1, 'https://res.cloudinary.com/ds9ufzny1/video/upload/v1697106281/fitness_session_videos/active-women-run-in-place-at-fitness-training-sess-2023-05-30-05-19-42-utc_hvl7cl.mp4'),
(4, 'Superfoods Unleashed: Boosting Your Nutrient Intake', 'Discover the power of superfoods and how to incorporate them into your diet.', 'Session', '2024-01-26 00:00:00', 40.00, 1, 'Nutrition', 1, 'https://res.cloudinary.com/ds9ufzny1/video/upload/v1697106278/fitness_session_videos/caucasian-and-hispanic-fitness-enthusiasts-in-join-2023-09-05-16-57-49-utc_n6plkg.mp4'),
(4, 'Meal Prep Mastery: Efficient Planning for Nutrient-Rich Eating', 'Learn how to meal prep for a healthy and convenient lifestyle.', 'Session', '2024-01-27 00:00:00', 55.00, 1, 'Nutrition', 1, 'https://res.cloudinary.com/ds9ufzny1/video/upload/v1697106278/fitness_session_videos/group-fitness-and-stretching-session-with-a-coach-2022-06-03-00-51-32-utc_rmrsf7.mp4'),
(4, 'Balanced Bites: Achieving Nutritional Harmony', 'A guide to achieving nutritional balance in your daily meals.', 'Session', '2024-01-28 00:00:00', 45.00, 1, 'Nutrition', 1, 'https://res.cloudinary.com/ds9ufzny1/video/upload/v1697106277/fitness_session_videos/back-view-of-a-male-chiropractor-providing-assista-2023-07-11-05-33-07-utc_x1h50a.mp4'),
(4, 'Hydration Nation: The Power of Drinking Water', 'The importance of hydration for overall health and fitness.', 'Session', '2024-01-29 00:00:00', 50.00, 1, 'Nutrition', 1, 'https://res.cloudinary.com/ds9ufzny1/video/upload/v1697106277/fitness_session_videos/fitness-instructor-and-woman-chatting-before-gym-s-2022-08-04-06-05-45-utc_1_onionl.mp4'),
(4, 'Mindful Eating: Savoring Every Bite', 'Learn how to eat mindfully for better digestion and enjoyment.', 'Session', '2024-01-30 00:00:00', 75.00, 1, 'Nutrition', 1, 'https://res.cloudinary.com/ds9ufzny1/video/upload/v1697106274/fitness_session_videos/people-yoga-and-personal-trainer-in-zen-workout-2023-10-05-06-06-30-utc_gjbo4r.mp4'),
(4, 'Gut Health Guide: Nourish Your Microbiome', 'A guide to improving your gut health through diet and lifestyle.', 'Session', '2024-01-31 00:00:00', 78.00, 1, 'Nutrition', 1, 'https://res.cloudinary.com/ds9ufzny1/video/upload/v1697106290/fitness_session_videos/men-during-physiotherapy-session-in-clinic-2022-12-30-17-38-19-utc_tpaja7.mp4'),
(4, 'Eating for Energy: Fueling Your Active Lifestyle', 'Learn how to eat for optimal energy levels during your workouts.', 'Session', '2024-02-01 00:00:00', 70.00, 1, 'Nutrition', 1, 'https://res.cloudinary.com/ds9ufzny1/video/upload/v1697106288/fitness_session_videos/man-and-woman-during-physiotherapy-session-2022-12-30-17-38-07-utc_b6bseq.mp4'),
(5, '30 Day Tabata Burner Challenge', 'A 30-day HIIT challenge using Tabata intervals for fat burning.', 'Challenge', '2024-02-02 00:00:00', 95.00, 1, 'Fat burning', 4, 'https://res.cloudinary.com/ds9ufzny1/image/upload/v1697104816/fitness_training_session/Artboard_33_fiiqkx.jpg'),
(5, 'Extreme Interval Training Challenge', 'An advanced HIIT challenge for those seeking extreme results.', 'Challenge', '2024-02-03 00:00:00', 100.00, 1, 'Fat burning', 4, 'https://res.cloudinary.com/ds9ufzny1/image/upload/v1697104815/fitness_training_session/Artboard_32_nz67og.jpg'),
(5, 'Warrior HIIT Challenge', 'A challenging HIIT workout for those who want to push their limits.', 'Challenge', '2024-02-04 00:00:00', 110.00, 1, 'Full body, Fat burning', 4, 'https://res.cloudinary.com/ds9ufzny1/image/upload/v1697104814/fitness_training_session/Artboard_31_rfehoe.jpg'),
(5, 'HIIT Makeover Challenge', 'Transform your fitness with this intense HIIT challenge.', 'Challenge', '2024-02-05 00:00:00', 95.00, 1, 'Weight loss', 4, 'https://res.cloudinary.com/ds9ufzny1/image/upload/v1697104809/fitness_training_session/Artboard_24_rbxhwa.jpg'),
(5, 'HIIT Master Challenge', 'Master HIIT training with this comprehensive challenge.', 'Challenge', '2024-02-06 00:00:00', 85.00, 1, 'Fat burning', 4, 'https://res.cloudinary.com/ds9ufzny1/image/upload/v1697104829/fitness_training_session/Artboard_6_rr1jzo.jpg'),
(5, 'Military HIIT Fitness Challenge', 'Get in military-grade shape with this intense HIIT challenge.', 'Challenge', '2024-02-07 00:00:00', 80.00, 1, 'Weight loss', 4, 'https://res.cloudinary.com/ds9ufzny1/image/upload/v1697104806/fitness_training_session/Artboard_23_kzk5kw.jpg'),
(5, 'Intermediate HIIT Challenge', 'A challenging HIIT workout for those who are ready to level up.', 'Challenge', '2024-02-08 00:00:00', 100.00, 1, 'Fat burning', 4, 'https://res.cloudinary.com/ds9ufzny1/image/upload/v1697104822/fitness_training_session/Artboard_37_oqnz4g.jpg'),
(6, 'Muscle Mania Challenge', 'Build muscle and increase strength with this comprehensive gym challenge.', 'Challenge', '2024-02-09 00:00:00', 100.00, 1, 'Muscle building', 2, 'https://res.cloudinary.com/ds9ufzny1/image/upload/v1697104792/fitness_training_session/Artboard_16_ufzgn5.jpg'),
(6, 'Mass Monster Challenge', 'Gain muscle mass and strength with this advanced gym challenge.', 'Challenge', '2024-02-10 00:00:00', 95.00, 1, 'Muscle building', 2, 'https://res.cloudinary.com/ds9ufzny1/image/upload/v1697104814/fitness_training_session/Artboard_31_rfehoe.jpg'),
(6, 'Lower Body Hypertrophy Challenge', 'Focus on lower body hypertrophy with this challenging gym workout.', 'Challenge', '2024-02-11 00:00:00', 100.00, 1, 'Muscle building', 2, 'https://res.cloudinary.com/ds9ufzny1/image/upload/v1697104820/fitness_training_session/Artboard_36_f0108a.jpg'),
(6, 'Bulletproof Body Challenge', 'Build a strong and resilient body with this full-body gym challenge.', 'Challenge', '2024-02-12 00:00:00', 90.00, 1, 'Full body, Strength', 2, 'https://res.cloudinary.com/ds9ufzny1/image/upload/v1697104807/fitness_training_session/Artboard_28_jlcron.jpg'),
(6, 'Core Strength Gym Challenge', 'Strengthen your core with this challenging gym workout.', 'Challenge', '2024-02-13 00:00:00', 120.00, 1, 'Core strength', 2, 'https://res.cloudinary.com/ds9ufzny1/image/upload/v1697104805/fitness_training_session/Artboard_21_zpksih.jpg'),
(6, 'Spartan Warrior Challenge', 'Test your strength and endurance with this challenging full-body gym workout.', 'Challenge', '2024-02-14 00:00:00', 95.00, 1, 'Full body, Strength', 2, 'https://res.cloudinary.com/ds9ufzny1/image/upload/v1697104798/fitness_training_session/Artboard_22_s4tdlc.jpg'),
(6, 'Killer Full Body Gym Challenge', 'A killer full-body gym workout for those seeking extreme results.', 'Challenge', '2024-02-15 00:00:00', 105.00, 1, 'Full body, Strength', 2, 'https://res.cloudinary.com/ds9ufzny1/image/upload/v1697104796/fitness_training_session/Artboard_19_ussnkc.jpg'),
(7, '30-Day Pull Up Mastery Challenge', 'Master the pull-up with this challenging 30-day challenge.', 'Challenge', '2024-02-16 00:00:00', 120.00, 1, 'Upper body strength', 3, 'https://res.cloudinary.com/ds9ufzny1/image/upload/v1697104786/fitness_training_session/Artboard_12_oatjkf.jpg'),
(7, 'The Ultimate Push Up Challenge', 'Push your limits with this challenging push-up challenge.', 'Challenge', '2024-02-17 00:00:00', 85.00, 1, 'Upper body strength', 3, 'https://res.cloudinary.com/ds9ufzny1/image/upload/v1697104783/fitness_training_session/Artboard_11_atanjc.jpg'),
(7, 'Squat Strength Builder Challenge', 'Build strength and muscle in your legs with this challenging squat challenge.', 'Challenge', '2024-02-18 00:00:00', 110.00, 1, 'Lower body strength', 3, 'https://res.cloudinary.com/ds9ufzny1/image/upload/v1697104781/fitness_training_session/Artboard_10_enh91p.jpg'),
(7, 'Strong Forearms Challenge', 'Strengthen your forearms with this challenging workout.', 'Challenge', '2024-02-19 00:00:00', 70.00, 1, 'Arm strength', 3, 'https://res.cloudinary.com/ds9ufzny1/image/upload/v1697104789/fitness_training_session/Artboard_15_pphhe8.jpg'),
(7, 'Muscle Up Pro Challenge', 'Take your upper body strength to the next level with this muscle-up challenge.', 'Challenge', '2024-02-20 00:00:00', 105.00, 1, 'Upper body strength', 3, 'https://res.cloudinary.com/ds9ufzny1/image/upload/v1697104780/fitness_training_session/Artboard_1_sdqxe2.jpg'),
(7, 'Crazy Strength Challenge', 'Build incredible strength with this full-body challenge.', 'Challenge', '2024-02-21 00:00:00', 100.00, 1, 'Full body, Strength', 3, 'https://res.cloudinary.com/ds9ufzny1/image/upload/v1697104798/fitness_training_session/Artboard_22_s4tdlc.jpg'),
(7, 'Powerlifting Master Challenge', 'Become a powerlifting master with this challenging program.', 'Challenge', '2024-02-22 00:00:00', 120.00, 1, 'Strength training', 3, 'https://res.cloudinary.com/ds9ufzny1/image/upload/v1697104781/fitness_training_session/Artboard_10_enh91p.jpg'),
(8, 'Half Month Cardio Burn Challenge', 'A 15-day cardio challenge to boost your fitness and burn calories.', 'Challenge', '2024-02-23 00:00:00', 90.00, 1, 'Cardio, Fat burning', 2, 'https://res.cloudinary.com/ds9ufzny1/image/upload/v1697458563/finess_category/Cardio_challenge/Artboard_51_jp4wzb.jpg'),
(8, '32-Day Couch to Cardio Master Challenge', 'Transition from couch potato to cardio master with this 32-day program.', 'Challenge', '2024-02-24 00:00:00', 85.00, 1, 'Cardio', 2, 'https://res.cloudinary.com/ds9ufzny1/image/upload/v1697458568/finess_category/Cardio_challenge/Artboard_52_l24fwi.jpg'),
(8, 'Lower Body Cardio Focus Challenge', 'Target your lower body with this intense cardio challenge.', 'Challenge', '2024-02-25 00:00:00', 95.00, 1, 'Cardio', 2, 'https://res.cloudinary.com/ds9ufzny1/image/upload/v1697458569/finess_category/Cardio_challenge/Artboard_58_j1hhaq.jpg'),
(8, 'Swift Runner Cardio Challenge', 'Become a faster runner with this challenging cardio program.', 'Challenge', '2024-02-26 00:00:00', 90.00, 1, 'Cardio', 2, 'https://res.cloudinary.com/ds9ufzny1/image/upload/v1697458568/finess_category/Cardio_challenge/Artboard_52_l24fwi.jpg'),
(8, 'Six Pack Abs Cardio Challenge', 'Get ripped abs with this challenging cardio workout.', 'Challenge', '2024-02-27 00:00:00', 80.00, 1, 'Cardio', 2, 'https://res.cloudinary.com/ds9ufzny1/image/upload/v1697458566/finess_category/Cardio_challenge/Artboard_51_jp4wzb.jpg'),
(8, 'Athletic Performance Cardio Challenge', 'Boost your athletic performance with this challenging cardio program.', 'Challenge', 2, NULL);